{
  "version": "4.4.1.0",
  "configs": [
    {
      "server": "38.180.56.156",
      "server_port": 443,
      "password": "nE84tk8zuZd8FXsQ9IJWScwA4R6tBb1n",
      "method": "xchacha20-ietf-poly1305",
      "plugin": "obfs-local",
      "plugin_opts": "obfs=http;obfs-host=www.bing.com",
      "timeout": 10,
      "warnLegacyUrl": false
    }
  ],
  "onlineConfigSource": [],
  "strategy": null,
  "index": 0,
  "global": false,
  "enabled": true,
  "shareOverLan": false,
  "firstRun": false,
  "localPort": 1080,
  "portableMode": true,
  "showPluginOutput": false,
  "pacUrl": "https://raw.githubusercontent.com/onminonA/proxy.pac/main/proxy_without_domains.pac",
  "useOnlinePac": true,
  "secureLocalPac": true,
  "regeneratePacOnUpdate": true,
  "autoCheckUpdate": false,
  "checkPreRelease": false,
  "skippedUpdateVersion": "",
  "isVerboseLogging": false,
  "isIPv6Enabled": false,
  "generateLegacyUrl": false,
  "geositeUrl": "",
  "geositeSha256sumUrl": "",
  "geositeDirectGroups": [
    "private",
    "cn",
    "geolocation-!cn@cn"
  ],
  "geositeProxiedGroups": [
    "geolocation-!cn"
  ],
  "geositePreferDirect": false,
  "userAgent": "ShadowsocksWindows/$version",
  "logViewer": {
    "topMost": false,
    "wrapText": false,
    "toolbarShown": false,
    "Font": "Consolas, 8pt",
    "BackgroundColor": "Black",
    "TextColor": "White"
  },
  "proxy": {
    "useProxy": false,
    "proxyType": 0,
    "proxyServer": "",
    "proxyPort": 0,
    "proxyTimeout": 3,
    "useAuth": false,
    "authUser": "",
    "authPwd": ""
  },
  "hotkey": {
    "SwitchSystemProxy": "",
    "SwitchSystemProxyMode": "",
    "SwitchAllowLan": "",
    "ShowLogs": "",
    "ServerMoveUp": "",
    "ServerMoveDown": "",
    "RegHotkeysAtStartup": false
  },
  "WebProxy": {
    "_BypassOnLocal": false,
    "_ProxyAddress": "http://127.0.0.1:1080",
    "_BypassList": null,
    "_UseDefaultCredentials": false
  }
}